id,name,department,instructor,grade
1,sub1,department1,instructor1,1
2,sub2,department2,instructor2,2
3,sub3,department3,instructor3,3
4,sub4,department4,instructor4,4
5,sub5,department5,instructor5,5
6,sub6,department6,instructor6,6
7,sub7,department7,instructor7,7
8,sub8,department8,instructor8,8
9,sub9,department9,instructor9,9
10,sub10,department10,instructor10,10
11,sub11,department11,instructor11,11
12,sub12,department12,instructor12,12
13,sub13,department13,instructor13,13
14,sub14,14,instructor14,14
15,sub15,department15,instructor15,15
16,sub16,16,instructor16,16
17,sub17,department17,instructor17,17
18,sub18,department18,instructor18,18
19,sub19,department19,instructor19,19
20,sub20,department20,instructor20,20
21,sub21,department21,instructor21,21
22,sub22,department22,instructor22,22
23,sub23,department23,instructor23,23
24,sub24,department24,instructor24,24
25,sub25,department25,instructor25,25
26,sub26,department26,instructor26,26
27,sub27,department27,instructor27,27
28,sub28,department28,instructor28,28
29,sub29,department29,instructor29,29
30,sub30,department30,instructor30,30
31,sub31,department31,instructor31,31
32,sub32,department32,instructor32,32
33,sub33,department33,instructor33,33
34,sub34,department34,instructor34,34
35,sub35,department35,instructor35,35
36,sub36,department36,instructor36,36
37,sub37,department37,instructor37,37
38,sub38,department38,instructor38,38
39,sub39,department39,instructor39,39
40,sub40,department40,instructor40,40
41,sub41,department41,instructor41,41
42,sub42,department42,instructor42,42
43,sub43,department43,instructor43,43
44,sub44,department44,instructor44,44
45,sub45,department45,instructor45,45
46,sub46,department46,instructor46,46
47,sub47,department47,instructor47,47
48,sub48,department48,instructor48,48
49,sub49,department49,instructor49,49
50,sub50,department50,instructor50,50
51,sub51,department51,instructor51,51
52,sub52,department52,instructor52,52
53,sub53,department53,instructor53,53
54,sub54,department54,instructor54,54
55,sub55,department55,instructor55,55
56,sub56,department56,instructor56,56
57,sub57,department57,instructor57,57
58,sub58,department58,instructor58,58
59,sub59,department59,instructor59,59
60,sub60,department60,instructor60,60
61,sub61,department61,instructor61,61
62,sub62,department62,instructor62,62
63,sub63,department63,instructor63,63
64,sub64,department64,instructor64,64
65,sub65,department65,instructor65,65
66,sub66,department66,instructor66,66
67,sub67,department67,instructor67,67
68,sub68,department68,instructor68,68
69,sub69,department69,instructor69,69
70,sub70,department70,instructor70,70
71,sub71,department71,instructor71,71
72,sub72,department72,instructor72,72
73,sub73,department73,instructor73,73
74,sub74,department74,instructor74,74
75,sub74,department75,instructor75,75
76,sub76,department76,instructor76,76
77,sub77,department77,instructor77,77
78,sub78,department78,instrucor78,78
79,sub79,department79,instructor79,79
80,sub80,department80,instructor80,80
81,sub81,department81,instructor81,81
82,sub82,department82,instructor82,82
83,sub83,department83,instructor83,83
84,sub84,department84,instructor84,84
85,sub85,department85,instructor85,85
86,sub86,department86,instructor86,86
87,sub87,department87,instructor87,87
88,sub88,department88,instructor88,88
89,sub89,department89,instructor89,89
90,sub90,department90,instructor90,90
91,sub91,department91,instructor91,91
92,sub92,department92,instructor92,92
93,sub93,department93,instructor93,93
94,sub94,department94,instructor94,94
95,sub95,department95,instructor95,95
96,sub96,department96,instructor96,96
97,sub97,department97,instructor97,97
98,sub98,department98,instructor98,98
99,sub99,department99,instructor99,99
100,sub100,department100,instructor100,100
